Категории,Имя,Изображения,Описание
НАБОРЫ ДЛЯ ВЫШИВАНИЯ,Набор для вышивания «Овен» 1253 Ягодный десерт,http://mir-priaji.ru/upload/iblock/ae3/ae35b19b0d3cbce40da610a49a86db86.jpg,"Характеристики: Размер: (16×20) Количество нитей: 2 Количество цветов мулине: 24 Канва: 14 Мулине: ПНК им. Кирова Схема: Цветная,символьная В набор входит: Канва,мулине,схема,игла"
НАБОРЫ ДЛЯ ВЫШИВАНИЯ,Набор для вышивания «Овен» 963 Чудо природы,http://mir-priaji.ru/upload/iblock/ba9/ba9bfef7e3fe28b8f9329b70565c4233.jpg,"Характеристики: Размер: (20×14) Количество нитей: 2 Количество цветов мулине: 20 Канва: 16 Мулине: ПНК им. Кирова Схема: Цветная,символьная В набор входит: Канва,мулине,схема,игла"
НАБОРЫ ДЛЯ ВЫШИВАНИЯ,Набор для вышивания «Чудесная игла» 120-111 Праздник урожая 30 х 20 см,http://mir-priaji.ru/upload/iblock/e25/e25e1753009cb788c0b7dd867d6bb5fc.jpg,"Артикул120-111 Размер Схемацветная символьная Количество цветов26 Ниткимулине GAMMA (хлопок) Тип основыканва Аида 14ct, серо-бежевого цвета Цвет основысеро-бежевый Состав основы100% хлопок Иглагобеленовая №24 Тема сюжетаНатюрморт Техникасчетный крест Сложностьсредняя Инструкцияподробная инструкция на русском и английском языках ШтрихКод4627150723205 ПроизводительЧУДЕСНАЯ ИГЛА (MAGIC NEEDLE) Россия Упаковкапластиковый пакет с еврослотом"
НАБОРЫ ДЛЯ ВЫШИВАНИЯ,Набор для вышивания «Сотвори Сама» 808 Полевые маки  21*30 см,http://mir-priaji.ru/upload/iblock/842/842a938de787415bbb1de4c685c6efd0.jpg,"Наименование:""Полевые маки"" Артикул:№808 Каталог: 17 Нитки: шерсть Цветов: 11 Игла: 1 вид Размер: 21*30 см Канва: 15 Rustico Aida Zweigart лён Буклет: цветная схема Художник: Юлия Красавина Язык: рус., анг., нем., фран., исп., итал. Вес: 70 г Размеры упаковки (ШхВхГ): 21 x 25.7 x 1 см Штрихкод: 4607006308572  "
НАБОРЫ ДЛЯ ВЫШИВАНИЯ,Набор для вышивания «Чудесная игла» 10-28 Черепашка,http://mir-priaji.ru/upload/iblock/290/290f009c3bdd864ae7699c44a8e8baa6.png,Состав набора: • Нитки мулине  • Игла для вышивания  • Канва Аида 11 белого цвета • Цветная/символьная схема для вышивания  • Краткая инструкция на русском и английском языках
НАБОРЫ ДЛЯ ВЫШИВАНИЯ,Набор для вышивания «Чудесная игла» 100-122 Розы для мастерицы 25 х 25 см,http://mir-priaji.ru/upload/iblock/62a/62a41e06487208be52a9517e762a3df3.jpg,"Артикул 100-122 Техника счетный крест Размер 25 х 25 см Канва Канва Аида 14 кремового цвета Нитки мулине Gamma ® Кол-во цветов 40 Схема цветная, символьная схема Инструкция подробная инструкция на русском и английском языках"
НАБОРЫ ДЛЯ ВЫШИВАНИЯ,"1042 Комплект для вышивания ""Кошечка в лоскутном одеяле""28*35,5 см",http://mir-priaji.ru/upload/iblock/1ce/1ceaff28b94deaf5577b6612eb3b6091.jpeg,"Кошечка на лоскутном одеяле, 36х28, аида 14, счетный крест"
НАБОРЫ ДЛЯ ВЫШИВАНИЯ,"1058 Комплект для вышивания ""Забавные щенки"" 28*35,5 см",http://mir-priaji.ru/upload/iblock/364/36449bc78c9b6f0916369d21b7c43bb7.jpeg,
НАБОРЫ ДЛЯ ВЫШИВАНИЯ,12-630 Набор для вышивания счетный крест 40*50 cm,http://mir-priaji.ru/upload/iblock/89a/89a5bcf6e0ad08dcb70c5d172837c105.jpg,Описание Производитель: Eva Rosenstand (Дания) Техника: Счетный Крест Тип схемы: Черно-белая символьная схема Канва: Лён 26 Цвет канвы: Молочный Дизайнер: Clara Waever В наборе используется: мулине (DMC) Оформление (аксессуары): Рамка и паспарту в комплект не входят Игла: Игла Размер: 40x50 см 
НАБОРЫ ДЛЯ ВЫШИВАНИЯ,Набор для вышивания крестом «Искусница» 240 Любопытная рыбка,http://mir-priaji.ru/upload/iblock/a19/a19e5efbf3d03369a95d0d24f3c5f685.jpg,"В комплект набора входит: цветная схема вышивки, канва, мулине"
НАБОРЫ ДЛЯ ВЫШИВАНИЯ,Набор для вышивания крестом «Искусница» 242 (НП) Мышка с цветочком,http://mir-priaji.ru/upload/iblock/747/7474cbc6b5ab0cb7c219af45d4e82814.jpeg,"ХАРАКТЕРИСТИКИ ТОВАРА Размер готовой работы: 12*14 см Заполнение*: Частичное Техника исполнения: Счетный крест Количество цветов*: 9 Состав набора: Инструкция, цветная схема, канва 100% хлопок, нити мулине 100% хлопок Тип канвы/ткани*: СТ14 Цвет канвы/ткани*: Белый"
НАБОРЫ ДЛЯ ВЫШИВАНИЯ,Набор для вышивания крестом «Искусница» 266 Котенок в подарок 9х16см,http://mir-priaji.ru/upload/iblock/b11/b113683512da3bc0d9210a56464b175c.jpg,"В наборе: мулине, канва, цветная схема"
НАБОРЫ ДЛЯ ВЫШИВАНИЯ,Набор для вышивания крестом «Искусница» 155 Купидон 19х19см,http://mir-priaji.ru/upload/iblock/5e1/5e18e643aa5b769aacbc1e5b6eecb048.jpg,"В комплект набора входит: цветная схема вышивки, канва, мулине"
НАБОРЫ ДЛЯ ВЫШИВАНИЯ,Набор для вышивания крестом «Искусница» 2043 Запасливая белка,http://mir-priaji.ru/upload/iblock/431/43123832db96064278aba663f9d3af84.jpg,"Размер вышивки 10х14 см. В комплекте: цветная схема вышивки, качественная канва, нитки мулине."
НАБОРЫ ДЛЯ ВЫШИВАНИЯ,Набор для вышивания крестом «Искусница» 2052 Совушка (набор для вышивания крестом),http://mir-priaji.ru/upload/iblock/851/851fad699b3c0f21d62779d3025ed3d4.jpeg,"Артикул : 2052 (58*62кл.) ХАРАКТЕРИСТИКИ ТОВАРА Размер готовой работы: 12,5*12,5 см Заполнение*: Частичное Техника исполнения: Счетный крест Количество цветов*: 13 Состав набора: Инструкция, цветная символьная схема, канва 100% хлопок , нити мулине 100% хлопок Тип канвы/ткани*: СТ14 Цвет канвы/ткани*: Белый Дополнительные элементы*: 58*62 кл"
НАБОРЫ ДЛЯ ВЫШИВАНИЯ,"Набор для вышивания NEOCRAFT ВЛ-10 ""Рыжуля"" 10 х 19 см",http://mir-priaji.ru/upload/iblock/8bd/8bdf1b3321b476b5d661b80302ceac43.jpg,В состав вышивального набора входит: • Канва Zweigart • Мулине Finca • Игла • Схема • Инструкция 
НАБОРЫ ДЛЯ ВЫШИВАНИЯ,"Набор для вышивания NEOCRAFT МР-06 ""Рыжий пушистик"" 7 х 7 см",http://mir-priaji.ru/upload/iblock/837/8377e38130db03b2f2968c854b862a59.jpg,Дизайнер: Антонова Валерия  В состав вышивального набора входит: • Канва Zweigart • Мулине Finca • Игла • Схема • Инструкция 
НАБОРЫ ДЛЯ ВЫШИВАНИЯ,"Набор для вышивания NEOCRAFT МР-07 ""Осень"" 9 х 14 см",http://mir-priaji.ru/upload/iblock/0ce/0cece140cb0188ed2e53db6c2931b611.jpg,"Набор для вышивания NEOCRAFT МР-07 *Осень*  Производитель: Neocraft Страна: Россия Техника: Счетный крест Размер готовой работы: 9 х 14 см В состав набора входит: Ткань равномерного переплетения, хлопковое мулине Finka, игла, схема, инструкция"
НАБОРЫ ДЛЯ ВЫШИВАНИЯ,"Набор для вышивания NEOCRAFT МР-08 ""Мышь с тортом"" 8 х 12 см",http://mir-priaji.ru/upload/iblock/0a6/0a69efa1ca0ed035927ffc4a5949f69b.jpg,В состав вышивального набора входит: • Канва Zweigart • Мулине Finca • Игла • Схема • Инструкция 
НАБОРЫ ДЛЯ ВЫШИВАНИЯ,"Набор для вышивания NEOCRAFT ВЛ-03 ""Дюймовочка"" 14 х 19 см",http://mir-priaji.ru/upload/iblock/4da/4da819f4f3d0102455190f3571c86429.jpg,В состав вышивального набора входит: • Канва Zweigart • Мулине Finca • Игла • Схема • Инструкция 
НАБОРЫ ДЛЯ ВЫШИВАНИЯ,"Набор для вышивания NEOCRAFT ВЛ-04 ""Травинка"" 10 х 20 см",http://mir-priaji.ru/upload/iblock/c0f/c0f2d6d265704130a8f4b29618253131.jpg,В состав вышивального набора входит: • Канва Zweigart • Мулине Finca • Игла • Схема • Инструкция 
НАБОРЫ ДЛЯ ВЫШИВАНИЯ,"Набор для вышивания NEOCRAFT ВЛ-06 ""Волшебная флейта"" 13 х 18 см",http://mir-priaji.ru/upload/iblock/2d2/2d254363001ff08aa36823a3214e121d.jpg,В состав вышивального набора входит: • Канва Zweigart • Мулине Finca • Игла • Схема • Инструкция
НАБОРЫ ДЛЯ ВЫШИВАНИЯ,"Набор для вышивания NEOCRAFT ВЛ-07 ""Первый полет"" 13 х 25 см",http://mir-priaji.ru/upload/iblock/76d/76daf65a870cdb518d9f48834ebbf397.jpg,В состав вышивального набора входит: • Канва Zweigart • Мулине Finca • Игла • Схема • Инструкция 
НАБОРЫ ДЛЯ ВЫШИВАНИЯ,"Набор для вышивания «Чарівна Мить» А-178 С Днем рождения, Тигр!18x20 см",http://mir-priaji.ru/upload/iblock/b22/b225ecfa98508b34797efbd5bf48ec71.gif,"Набор для вышивания ""Серия ""Восточный гороскоп"" С Днем рождения, Тигр!""   Размер: 18x20 см  В набор входит: - цветная схема,  -инструкция,  -ткань Aida 14 хлопок,  -мулине Anchor 13 цветов и игла.  Работа прошивается в одну и две нити, швом ""крест"", ""полукрест"", ""назад игла"". "
НАБОРЫ ДЛЯ ВЫШИВАНИЯ,"Набор для вышивания NEOCRAFT  МР-02 ""Черепашка"" 7 х 10 см",http://mir-priaji.ru/upload/iblock/c9a/c9a351ca4d1705ee3655771b6e331aa1.jpg,Дизайнер: Антонова Валерия  В состав вышивального набора входит: • Канва Zweigart • Мулине Finca • Игла • Схема • Инструкция
НАБОРЫ ДЛЯ ВЫШИВАНИЯ,"Набор для вышивания NEOCRAFT ВЛ-02 ""Старичок-Лесовичек"" 13 х 14 см",http://mir-priaji.ru/upload/iblock/9a4/9a49281fa6fa646895b9d3dbfc51c33a.jpg,В состав вышивального набора входит: • Канва Zweigart • Мулине Finca • Игла • Схема • Инструкция 
НАБОРЫ ДЛЯ ВЫШИВАНИЯ,Набор для вышивания «Овен» 868 В Париже дождь,http://mir-priaji.ru/upload/iblock/76c/76cee329865e44a0db0e13d5710fd96d.jpg,"В набор входит: цветная схема , канва №14, нитки мулине х/б, игла. "
НАБОРЫ ДЛЯ ВЫШИВАНИЯ,Набор для вышивания «Сделано с любовью» ЗВ-001 Олешка,http://mir-priaji.ru/upload/iblock/b9e/b9ed42ff58438bcd963b0773053d42be.jpg,Набор для вышивания РУССКИЙ ФАВОРИТ ЗВ-001 Олешка  Размер готовой работы: 16*21 см 
НАБОРЫ ДЛЯ ВЫШИВАНИЯ,Набор для вышивания «Сделано с любовью» СК-039 Лакомый кусочек,http://mir-priaji.ru/upload/iblock/fd3/fd3010aeecb22d4b78d7e4edcbe8a0f3.jpg,"Набор для вышивания ""Лакомый кусочек""  Размер: 15х25см.  В набор входит:  -канва Аида 14 (Хлопок 100%, производство Тайвань),  -мулине Bestex (Египетский хлопок 100%, производство Тайвань),  -цветная символьная схема."
НАБОРЫ ДЛЯ ВЫШИВАНИЯ,"Набор для вышивания «Чарівна Мить» А-042 Тигренок,15*15 см",http://mir-priaji.ru/upload/iblock/a32/a32603638fa728c0efe67677577988eb.jpg,"Набор для вышивания ""Тигренок""  Размеры:15х15 см.  В набор входит:  -цветная схема,  -канва хлопок 55 клеток в 10 см,  -мулине Anchor, -игла. "
НАБОРЫ ДЛЯ ВЫШИВАНИЯ,"Набор для вышивания «Чарівна Мить» А-063 Охота,22,5*10 см",http://mir-priaji.ru/upload/iblock/1a9/1a982b0d89505a25c2a00ff6ddde085a.jpg,"Набор для вышивания ""Охота""  Размер:10х22,5 см.  В набор входит:  -цветная схема,  -канва хлопок 60 клеток в 10 см,  -мулине Anchor, -игла."
НАБОРЫ ДЛЯ ВЫШИВАНИЯ,Набор для вышивания «Весёлая Пчёлка» НВ128 Дружная семейка 16x13 см,http://mir-priaji.ru/upload/iblock/4d4/4d4d10b92770d6d9b29026b3f4373e57.jpg,"Производитель: Риолис Страна: Россия Артикул: НВ128 Размер вышивки: 16x13 см Канва: Aida 14 Цвет канвы: Белый Нитки: хлопок Количество цветов: 9 Производитель канвы: Zweigart Производитель ниток: ПНК им. Кирова Дизайнер: Анастасия Яновская Набор содержит: Канва (5,5 клеток в 1 см), нитки, игла, цветная схема, инструкция. Набор для начинающих из серии ""Весёлая пчёлка"""
НАБОРЫ ДЛЯ ВЫШИВАНИЯ,Набор для вышивания «Весёлая Пчёлка» НВ137 Слоник  15*15 см,http://mir-priaji.ru/upload/iblock/555/555cf599e47917093db2ef42ed930512.jpg,нитки: шерсть цветов: 9 размер: 15*15 см канва: 10 Aida Zweigart белая буклет: цветная схема Игла входит в набор.
НАБОРЫ ДЛЯ ВЫШИВАНИЯ,Набор для вышивания «Золотое Руно» З-043 Мустанги,http://mir-priaji.ru/upload/iblock/8d9/8d9a90e39cb8e35e10fb4095d6845cf8.jpg,"Размер: 29,3×40 см. Канва: Аида кремовая 18. В набор включается всё необходимое для его вышивания: канва пр-ва Zweigart (Германия); мулине пр-ва Madeira (Германия); игла, схема и инструкция по вышиванию."
НАБОРЫ ДЛЯ ВЫШИВАНИЯ,Набор для вышивания «Золотое Руно» ОТ-010 Открытка Рыжий тигренок,http://mir-priaji.ru/upload/iblock/1ee/1ee7e272fea4f37dc08ca7bc5030fd57.jpg,"В набор включается всё необходимое для его вышивания: канва пр-ва Zweigart (Германия); мулине пр-ва Madeira (Германия); игла, схема и инструкция по вышиванию."
НАБОРЫ ДЛЯ ВЫШИВАНИЯ,Набор для вышивания «Овен» 946 Ромашки на окне,http://mir-priaji.ru/upload/iblock/62b/62baf24e850ad21d0b9da5d2a12123fc.jpg,"В наборе: цветная схема, канва №16, нитки мулине х/б, игла"
НАБОРЫ ДЛЯ ВЫШИВАНИЯ,Набор для вышивания «Сотвори Сама» 1656 Дача. Весна  20*30 см,http://mir-priaji.ru/upload/iblock/547/547f0c43d3a8ae50386f428019c29eee.jpg,"Наименование:""Дача. Весна"" Артикул:№1656 Каталог: Каталог-приложение №31 Нитки: шерсть/акрил + мулине СПб Цветов: 19 Игла: 1 вид Размер: 20*30 см Канва: 14 Aida Zweigart лён Буклет: цветная схема Художник: Галина Скабеева Язык: рус., анг., нем., фран., исп., итал. Вес: 94 г Размеры упаковки (ШхВхГ): 21 x 27 x 0.7 см Штрихкод: 4630015063712  В набор входит деревянная вешалка, нитки шерсть/акрил (18 цветов), мулине( 1 цвет )."
НАБОРЫ ДЛЯ ВЫШИВАНИЯ,Набор для вышивания «Сотвори Сама» 1680 Воробушек 10*10 см,http://mir-priaji.ru/upload/iblock/45c/45c403cfc1265ddb91c23d48d91fb9ed.jpg,"Наименование:""Воробушек"" Артикул:№1680 Каталог: Каталог-приложение №31 Нитки: шерсть/акрил Цветов: 10 Игла: 1 вид Размер: 10*10 см Канва: 14 Aida Zweigart лён Буклет: цветная схема Художник: Галина Скабеева Язык: рус., анг., нем., фран., исп., итал. Вес: 38 г Размеры упаковки (ШхВхГ): 15 x 20 x 0.5 см Штрихкод: 4630015063972 "
НАБОРЫ ДЛЯ ВЫШИВАНИЯ,Набор для вышивания «Овен» № 1252 Елочная игрушка.Колокольчики.,http://mir-priaji.ru/upload/iblock/ae6/ae6fc1fdb61b62a05ce5661fbc91f74f.jpg,"Характеристики: Размер: (8,4×8,4) Количество нитей: 2 Количество цветов мулине: 11 Канва: 14, пластиковая Мулине: ПНК им. Кирова Схема: Цветная,символьная В набор входит: Канва пластиковая,мулине,схема,игла."
НАБОРЫ ДЛЯ ВЫШИВАНИЯ,Набор для вышивания «Овен» № 1147 Елочная игрушка.Хохлома.,http://mir-priaji.ru/upload/iblock/918/9186c9eedb888a798d6222c5919c8ed0.jpg,"Размер: (8,5×9,7) Количество нитей: 2 Количество цветов мулине: 7 Канва: 14, пластиковая.Схема для двух сюжетов и руководство по вышиванию."
НАБОРЫ ДЛЯ ВЫШИВАНИЯ,Набор для вышивания Crystal Art ВТ-0079 Рождественский чай  27.5 x 27.5 см,http://mir-priaji.ru/upload/iblock/e5f/e5fc9d80aeadea9aea680aee574c6fe3.jpg,"ВТ-079 Набор для вышивания крестом Crystal Art ""Рождественский чай""  В набор входит: инструкция, цветная схема, Aida 14, хлопковое мулине Bestex - 27 цветов, бисер Preciosa Ornela (Чехия) - 2 размера и иглы.  Размер: 27.5 x 27.5 см"
НАБОРЫ ДЛЯ ВЫШИВАНИЯ,Набор для вышивания Crystal Art  ВТ-0081 Настурция 24x28.5 см,http://mir-priaji.ru/upload/iblock/401/4010ea85a5827c54d764fb3242564d35.jpg,"В набор входит: инструкция, цветная схема, Aida 14, хлопковое мулине Bestex - 17 цветов и игла.  Размер: 24x28.5 см"
НАБОРЫ ДЛЯ ВЫШИВАНИЯ,Набор для вышивания Crystal Art  ВТ-0082 Вьюнок 24x28.5 см,http://mir-priaji.ru/upload/iblock/f8e/f8e7a0690b3a089b6d08a4fd83d8f161.jpg,"В набор входит: инструкция, цветная схема, Aida 14, хлопковое мулине Bestex - 20 цветов и игла.  Размер: 24x28.5 см"
НАБОРЫ ДЛЯ ВЫШИВАНИЯ,Набор для вышивания Crystal Art ВТ-0076 Прогулка в Лондоне 20 x 27 см,http://mir-priaji.ru/upload/iblock/a06/a061fc1275da19d4d4265fdf4c61785b.jpg,"ВТ-076 Набор для вышивания крестом Crystal Art Прогулка в Лондоне  В набор входит: инструкция, цветная схема, Aida 14, хлопковое мулине Bestex - 16 цветов и игла.  Размер: 20 x 27 см"
НАБОРЫ ДЛЯ ВЫШИВАНИЯ,Набор для вышивания Crystal Art  ВТ-0072 Летний букет 19 x 25 см,http://mir-priaji.ru/upload/iblock/a2a/a2a59a141fa364c552e5bf99d545a1ca.jpg,"ВТ-072 Набор для вышивания крестом Crystal Art Летний букет  В набор входит: инструкция, цветная схема, Aida 16, хлопковое мулине Bestex - 23 цвета и игла.  Размер: 19 x 25 см"
НАБОРЫ ДЛЯ ВЫШИВАНИЯ,Набор для вышивания Crystal Art  ВТ-0074 Мотыльки в стеблях бамбука 19x60 см,http://mir-priaji.ru/upload/iblock/4a2/4a242c4172144c8d38cbc91cd5a128b7.jpg,"В набор входит: инструкция, цветная схема, Aida 14, хлопковое мулине Bestex - 12 цветов и игла.  Размер: 19x60 см"
НАБОРЫ ДЛЯ ВЫШИВАНИЯ,Набор для вышивания Crystal Art  ВТ-0077 Мудрый филин  25x28 см,http://mir-priaji.ru/upload/iblock/e8a/e8ae9bf4b994b5a7fbc1ae703b2a932c.jpg,"В набор входит: инструкция, цветная схема, Aida 14, хлопковое мулине Bestex - 14 цветов и игла.  Размер: 25x28 см"
НАБОРЫ ДЛЯ ВЫШИВАНИЯ,Набор для вышивания Crystal Art  ВТ-0078 Нежная нимфея 37.5 x 27 см,http://mir-priaji.ru/upload/iblock/cdf/cdfbb3e12f0daef62da50ad678d8af42.jpg,"ВТ-078 Набор для вышивания крестом Crystal Art Нежная нимфея  В набор входит: инструкция, цветная схема, Aida 14, хлопковое мулине Bestex - 22 цвета и игла.  Размер: 37.5 x 27 см"
НАБОРЫ ДЛЯ ВЫШИВАНИЯ,Набор для вышивания «Овен» РК-014 Родная гавань №2,http://mir-priaji.ru/upload/iblock/770/770d3c457cc2b0e613b2e516d6e25a2c.jpg,
НАБОРЫ ДЛЯ ВЫШИВАНИЯ,Набор для вышивания «Овен» РК-017 В цветах сакуры,http://mir-priaji.ru/upload/iblock/b22/b22fe5c2fe120502cece5ad997e38224.jpg,"Характеристики: Размер: (27×39) Количество нитей: Вышивается на дизайнерской канве с нанесенным фоном. Количество цветов мулине: 12 Канва: 16, ZWEIGART Мулине: Мулине ПНК им. Кирова Схема: Цветная символьная В набор входит: Канва, мулине, схема, игла"
НАБОРЫ ДЛЯ ВЫШИВАНИЯ,Набор для вышивания «Овен» РК-018 Золотые рыбки,http://mir-priaji.ru/upload/iblock/c03/c03ca10ecab4c9fc693c0ff9e0907f7c.jpg,"Характеристики: Размер: (27×39) Количество нитей: Вышивается на дизайнерской канве с нанесенным фоном. Количество цветов мулине: 12 Канва: 16, ZWEIGART Мулине: Мулине ПНК им. Кирова Схема: Цветная символьная В набор входит: Канва, мулине, схема, игла"
НАБОРЫ ДЛЯ ВЫШИВАНИЯ,Набор для вышивания «Овен» РК-013 Родная гавань №1,http://mir-priaji.ru/upload/iblock/d0b/d0b0169e53917ea4a534bf0642adc3d0.jpg,
НАБОРЫ ДЛЯ ВЫШИВАНИЯ,Набор для вышивания «Овен» 962 Любимый аромат,http://mir-priaji.ru/upload/iblock/179/1791825d0c49a3adc1f222a03de7570e.jpg,Размер: 29 х 26 см
НАБОРЫ ДЛЯ ВЫШИВАНИЯ,Набор для вышивания «Овен» 970 Мишута,http://mir-priaji.ru/upload/iblock/4bc/4bcc024c888506527ccb10961ad8fd06.jpg,"Размер: 35 х 28 см Количество цветов: 21  Основа для вышивания: Канва Аида № 14, серая Вышивается в 3 нити"
НАБОРЫ ДЛЯ ВЫШИВАНИЯ,Набор для вышивания «Овен» 984 Свет надежды,http://mir-priaji.ru/upload/iblock/d8b/d8be67e31331000bfaed06e51f9978e3.jpg,"Характеристики: Размер: (22×28) Количество нитей: 2 Количество цветов мулине: 24 Канва: 16, ZWEIGART"
НАБОРЫ ДЛЯ ВЫШИВАНИЯ,Набор для вышивания «Овен» 933 Весна идёт,http://mir-priaji.ru/upload/iblock/465/465b0956e0bcfad71884480bec8bdace.jpg,"Размер: (28×21) Количество нитей: 2 Количество цветов мулине: 26 Канва: 16 Мулине: ПНК им. Кирова Схема: Цветная,символьная В набор входит: Канва,мулине,схема,игла"
НАБОРЫ ДЛЯ ВЫШИВАНИЯ,Набор для вышивания «Овен» 949 Осенняя композиция,http://mir-priaji.ru/upload/iblock/b21/b2105402ba63c575bf8db93c7edee594.jpg,Размер: (18×44) Количество нитей: 2 Количество цветов : 31 Канва: 18. ZWEIGART
НАБОРЫ ДЛЯ ВЫШИВАНИЯ,Набор для вышивания «Овен» 904 Любопытство,http://mir-priaji.ru/upload/iblock/8bf/8bf2654a6cebcb1b8375372f4cfc4d97.jpg,"Характеристики: Размер: (36×28) Количество нитей: 3 Количество цветов мулине: 19 Канва: 14, серая Мулине: ПНК им. Кирова Схема: Цветная,символьная В набор входит: Канва,мулине,схема,игла"
НАБОРЫ ДЛЯ ВЫШИВАНИЯ,Набор для вышивания «Овен» 925 Лазоревый звон,http://mir-priaji.ru/upload/iblock/986/986d53033a135119072eb87f95f69e37.jpg,
НАБОРЫ ДЛЯ ВЫШИВАНИЯ,Набор для вышивания «Овен» 890 Липовая аллея,http://mir-priaji.ru/upload/iblock/eea/eea98655263d63ea2f366df77c6c586d.jpg,"По мотивам картины Александра Зорюкова. В набор входит: цветная схема , канва №18, нитки мулине х/б, игла. "
НАБОРЫ ДЛЯ ВЫШИВАНИЯ,Набор для вышивания «Овен» 901 Снегири на ежевике,http://mir-priaji.ru/upload/iblock/71e/71e98e74f91f390e129070fdd4467749.jpg,"Размер: (22×33) Количество нитей: 2 Количество цветов мулине: 26 Канва: 16, ZWEIGART Мулине: ПНК им. Кирова Схема: Цветная,символьная В набор входит: Канва,мулине,схема,игла"
НАБОРЫ ДЛЯ ВЫШИВАНИЯ,Набор для вышивания «Овен» 880 Запах кофе,http://mir-priaji.ru/upload/iblock/be3/be36b19e34df927c2cd806240065cf13.jpg,"В набор входит: цветная схема , канва №14, нитки мулине х/б, игла. "
НАБОРЫ ДЛЯ ВЫШИВАНИЯ,Набор для вышивания «Овен» 633 Сон младенца,http://mir-priaji.ru/upload/iblock/dae/dae7e1e04d362f4c846c120e01693557.jpg,"В набор для вышивания входит: цветная символьная схема, ткань (канва), нитки мулине (хлопчатобумажные), игла, советы по вышивке крестом.Характеристики: Размер: (40×22) Количество нитей: 3 Количество цветов мулине: 14 Канва: 14 Мулине: Мулине х/б Схема: Цветная символьная В набор входит: Канва, мулине, схема, иголка"
НАБОРЫ ДЛЯ ВЫШИВАНИЯ,Набор для вышивания «Овен» 693 Рождественское утро,http://mir-priaji.ru/upload/iblock/dbf/dbfe577b072f30e3ddddde5a5af3488f.jpg,В состав набора входит: 1. Канва Aida-14  2. Мулине х/б. 18 цветов 3. Игла для вышивания 4. Цветная схема 5. Инструкция на русском языке.
НАБОРЫ ДЛЯ ВЫШИВАНИЯ,Набор для вышивания «Овен» 698 Зимний лес,http://mir-priaji.ru/upload/iblock/64f/64f705636ec8ba904b4bd0bc34dced48.jpg,В состав набора входит: 1. Канва Aida-14  2. Мулине х/б. 20 цветов 3. Игла для вышивания 4. Цветная схема 5. Инструкция на русском языке.
НАБОРЫ ДЛЯ ВЫШИВАНИЯ,Набор для вышивания «Овен» 800 Вечер в русской провинции,http://mir-priaji.ru/upload/iblock/ede/edef6eed406a66132ffe3703748474a8.jpg,В состав набора входит: Игла для вышивания Цветная схема Инструкция на русском языке. Ширина: 26 см.  Высота: 42 см.  Канва Аида № 18. 
НАБОРЫ ДЛЯ ВЫШИВАНИЯ,Набор для вышивания «Овен» 483 Дары леса,http://mir-priaji.ru/upload/iblock/ff4/ff415981b02664bc8dbee39b1b7b35a7.jpg,"В набор для вышивания входит: цветная символьная схема, ткань (канва), нитки мулине (хлопчатобумажные), игла, советы по вышивке крестом."
НАБОРЫ ДЛЯ ВЫШИВАНИЯ,Набор для вышивания «Овен» 1428 Кролики,http://mir-priaji.ru/upload/iblock/e45/e45e3859759c0b4d371ad64b20a5f603.png,"Размер: (26×35) Количество нитей: 2 Количество цветов : 20 Канва: 16, ZWEIGART Мулине: ПНК им.Кирова Схема: Цветная,символьная В набор входит: Канва,мулине,схема,игла"
НАБОРЫ ДЛЯ ВЫШИВАНИЯ,Набор для вышивания «Овен» 1430 Свет на воде,http://mir-priaji.ru/upload/iblock/01b/01b73335ac31401fd4d6ce49ffacf26c.jpg,"Размер: (20×20) Количество нитей: 2 Количество цветов : 22 Канва: 16, ZWEIGART Мулине: DMC Схема: Цветная,символьная В набор входит: Канва, мулине, схема, иголка"
НАБОРЫ ДЛЯ ВЫШИВАНИЯ,Набор для вышивания «Овен» 1433 Французский натюрморт,http://mir-priaji.ru/upload/iblock/da4/da4f764e7a9d3099fa0b4b4a2d55d1dd.jpg,"Характеристики: Размер: (21×27) Количество нитей: 2 Количество цветов : 21 Канва: 16 ZWEIGART Мулине: DMC Схема: Цветная символьная В набор входит: Канва, мулине, схема, иголка"
НАБОРЫ ДЛЯ ВЫШИВАНИЯ,Набор для вышивания «Овен» 1417 Накануне рождества,http://mir-priaji.ru/upload/iblock/12a/12aa07a4a84e82e28ef2bf61c8279dd5.png,"Размер: (37×28) Количество нитей: 2 Количество цветов : 26 Канва: 15 лен Мулине: DMC Схема: Цветная символьная В набор входит: Канва, мулине, схема, иголка"
НАБОРЫ ДЛЯ ВЫШИВАНИЯ,Набор для вышивания «Овен» 1422 Ромашковое поле,http://mir-priaji.ru/upload/iblock/f05/f05d8ff77e4f2ea43d73026ff39fc2e7.png,"Размер: (20×20) Количество нитей: 2 Количество цветов : 20 Канва: 16 ZWEIGART Мулине: DMC Схема: Цветная символьная В набор входит: Канва, мулине, схема, игла, инструкция"
НАБОРЫ ДЛЯ ВЫШИВАНИЯ,Набор для вышивания «Овен» 1424 Розовый ирис,http://mir-priaji.ru/upload/iblock/6cf/6cf579c5298b90a01279ffa41d33c3b3.png,"Размер: (16×27) Количество нитей: 2 Количество цветов : 21 Канва: 16 ZWEIGART Мулине: DMC Схема: Цветная символьная В набор входит: Канва, мулине, схема, игла"
НАБОРЫ ДЛЯ ВЫШИВАНИЯ,Набор для вышивания «Овен» 1416 Горный пейзаж-3,http://mir-priaji.ru/upload/iblock/621/621a6627b6836b4bbd906ad22c4d6660.png,"Размер: (15×30) Количество нитей: 2 Количество цветов : 23 Канва: 16 ZWEIGART Мулине: DMC Схема: Цветная символьная В набор входит: Канва, мулине, схема, иголка"
НАБОРЫ ДЛЯ ВЫШИВАНИЯ,Набор для вышивания «Овен» 1407 Рысь,http://mir-priaji.ru/upload/iblock/9d4/9d4b71961c080603209db85a142a6347.jpg,"В набор для вышивания входит: цветная символьная схема, ткань (канва 16), нитки мулине ПНК им. Кирова (хлопчатобумажные), игла, советы по вышивке крестом."
НАБОРЫ ДЛЯ ВЫШИВАНИЯ,Набор для вышивания «Овен» 1409 Философия весны,http://mir-priaji.ru/upload/iblock/ce3/ce3cb938a98554fc6638826357521142.png,"Размер: (35×19) Количество нитей: 2 Количество цветов : 30 Канва: 16 ZWEIGART Мулине: DMC Схема: Цветная символьная В набор входит: Канва, мулине, схема, иголка"
НАБОРЫ ДЛЯ ВЫШИВАНИЯ,Набор для вышивания «Овен» 1410 Сова,http://mir-priaji.ru/upload/iblock/ce3/ce39d0a795042b5970eecf8b039fa896.png,"Размер: (20×20) Количество нитей: 2 Количество цветов : 25 Канва: 16 белая Мулине: ПНК им.Кирова Схема: Цветная символьная В набор входит: Канва, мулине, схема, иголка"
НАБОРЫ ДЛЯ ВЫШИВАНИЯ,Набор для вышивания «Овен» 1411 Душа Прованса,http://mir-priaji.ru/upload/iblock/1e3/1e3c22b8d3bdf44ec2e5ad14e5d9ab8f.png,"Размер: (27×20) Количество нитей: 2 Количество цветов : 31 Канва: 16 белая Мулине: DMC Схема: Цветная символьная В набор входит: Канва, мулине, схема, иголка"
НАБОРЫ ДЛЯ ВЫШИВАНИЯ,Набор для вышивания «Овен» 1387 Морозная свежесть,http://mir-priaji.ru/upload/iblock/821/821a92128f041e518c4c37415f8703a0.png,"В набор входит: цветная схема, канва аида , нитки-мулине ПНК им.Кирова х/б., игла."
НАБОРЫ ДЛЯ ВЫШИВАНИЯ,Набор для вышивания «Овен» 1392 Розы,http://mir-priaji.ru/upload/iblock/255/255806588d67b82f5f8a7cab1eb876c7.jpg,"Характеристики: Размер: (20×31) Количество нитей: 2 Количество цветов : 24 Канва: 16 ZWEIGART Мулине: DMC Схема: Цветная символьная В набор входит: Канва, мулине, схема, иголка"
НАБОРЫ ДЛЯ ВЫШИВАНИЯ,Набор для вышивания «Овен» 1399 В зимнем лесу,http://mir-priaji.ru/upload/iblock/2b0/2b0c331d6ec1542b76e2675c475b114e.jpeg,"В набор для вышивания входит: цветная символьная схема, ткань (канва), нитки мулине (хлопчатобумажные), игла, советы по вышивке крестом."
НАБОРЫ ДЛЯ ВЫШИВАНИЯ,Набор для вышивания «Овен» 1401 Горный пейзаж-1,http://mir-priaji.ru/upload/iblock/681/681f4434d56d59b1f324fc44b3a32fe7.png,"Размер: (16×30) Количество нитей: 2 Количество цветов : 24 Канва: 16 ZWEIGART Мулине: DMC Схема: Цветная символьная В набор входит: Канва, мулине, схема, иголка"
НАБОРЫ ДЛЯ ВЫШИВАНИЯ,Набор для вышивания «Овен» 1342 Снежные барсы,http://mir-priaji.ru/upload/iblock/ba7/ba7d448a995f3e270372a14fd7f0ad3d.jpeg,"Характеристики: Размер: (25×20) Количество нитей: 2 Количество цветов мулине: 28 Канва: 16, ZWEIGART Мулине: DMC Схема: Цветная,символьная В набор входит: Канва,мулине,схема,игла"
НАБОРЫ ДЛЯ ВЫШИВАНИЯ,Набор для вышивания «Овен» 1351 Мелодичный звон,http://mir-priaji.ru/upload/iblock/9ae/9aefbbb3d7ec9c2d98ae9889eabc4d3c.jpeg,"Характеристики: Размер: 23 х 26 см Количество цветов мулине: 29 Канва: 16, ZWEIGART Мулине:DMC Схема: Цветная,символьная В набор входит: Канва,мулине,схема,игла Оттенки готовой вышивки могут отличаться от изображения на обложке из-за погрешностей полиграфии."
НАБОРЫ ДЛЯ ВЫШИВАНИЯ,Набор для вышивания «Овен» 1354 Осенняя прогулка,http://mir-priaji.ru/upload/iblock/0f4/0f42c3271e870ba9379b8d934b2f8427.jpeg,"Характеристики: Размер: 20 х 29 см Количество цветов мулине: 34 Канва: 16, ZWEIGART Мулине:DMC Схема: Цветная,символьная В набор входит: Канва,мулине,схема,игла Оттенки готовой вышивки могут отличаться от изображения на обложке из-за погрешностей полиграфии."
НАБОРЫ ДЛЯ ВЫШИВАНИЯ,Набор для вышивания «Овен» 1373 Романтика Парижа,http://mir-priaji.ru/upload/iblock/4de/4de47235cbb9c3a395f9c66735876946.jpg,"Размер: (23×30) Количество нитей: 2 Количество цветов мулине: 24 Канва: 16 ZWEIGART Мулине: DMC Схема: Цветная символьная В набор входит: Канва, мулине, схема, иголка Оттенки готовой вышивки могут отличаться от изображения на обложке из-за погрешностей полиграфии."
НАБОРЫ ДЛЯ ВЫШИВАНИЯ,Набор для вышивания «Овен» 1335 Рассвет,http://mir-priaji.ru/upload/iblock/aa4/aa480e93a4ad9d4fe6268cb895e6d138.jpg,"Характеристики: Размер: (15×23) Количество нитей: 2 Количество цветов мулине: 13 Канва: 27 Linda, ZWEIGART Мулине: DMC Схема: Цветная,символьная В набор входит: Канва,мулине,схема,игла"
НАБОРЫ ДЛЯ ВЫШИВАНИЯ,Набор для вышивания «Овен» 1336 Закат,http://mir-priaji.ru/upload/iblock/22e/22e1451333470173640a886eb9bc88c6.jpg,"Характеристики: Размер: (15×26) Количество нитей: 2 Количество цветов мулине: 12 Канва: 27 Linda, ZWEIGART Мулине: DMC Схема: Цветная,символьная В набор входит: Канва,мулине,схема,игла"
НАБОРЫ ДЛЯ ВЫШИВАНИЯ,"Набор для вышивания «Овен» 1337 ""Глинтвейн""",http://mir-priaji.ru/upload/iblock/dd5/dd5040e188bd774ecf452f552f90b9bc.jpeg,"Размер: 20 х 20 см Количество цветов мулине: 26 Канва: 16, белая.  Мулине: ПНК им. Кирова. Схема: Цветная, символьная.  В набор входит: Канва, мулине, схема, игла. Оттенки цветов готовой вышивки могут отличаться от изображения на обложке из-за погрешностей полиграфии."
НАБОРЫ ДЛЯ ВЫШИВАНИЯ,Набор для вышивания «Овен» 1341 Шум прибоя,http://mir-priaji.ru/upload/iblock/f6f/f6f9722db8fe2acbbdb66b5fa9df9ceb.jpeg,"Характеристики: Размер: 27 х 30 см Количество цветов мулине: 26 Канва: 16, ZWEIGART Мулине:DMC Схема: Цветная,символьная В набор входит: Канва,мулине,схема,игла Оттенки готовой вышивки могут отличаться от изображения на обложке из-за погрешностей полиграфии."
НАБОРЫ ДЛЯ ВЫШИВАНИЯ,Набор для вышивания «Овен» 1307 Осенний натюрморт,http://mir-priaji.ru/upload/iblock/5bf/5bf5725c4769ec4c12b1d1fd02cd21b8.jpg,"Характеристики: Размер: (20×27) Количество нитей: 2 Количество цветов мулине: 26 Канва: 16, ZWEIGART Мулине: ДМС (Франция) Схема: Цветная,символьная В набор входит: Канва,мулине,схема,игла"
НАБОРЫ ДЛЯ ВЫШИВАНИЯ,Набор для вышивания «Овен» 1312 Мандаринка,http://mir-priaji.ru/upload/iblock/0e7/0e763ea2d2ec772b2dc9ca50a3285cac.jpg,"Размер: 26 х 35 см Количество цветов мулине: 30 Канва:16, ZWEIGART, белая.  Мулине: DMC.Схема: Цветная, символьная.  В набор входит: Канва, мулине, схема, игла. Оттенки цветов готовой вышивки могут отличаться от изображения на обложке из-за погрешностей полиграфии."
НАБОРЫ ДЛЯ ВЫШИВАНИЯ,Набор для вышивания «Овен» 1317 Австрия,http://mir-priaji.ru/upload/iblock/e1f/e1f54dadf58b10a6ea6f7f396c652e2c.jpg,"Характеристики: Размер: (20×20) Количество нитей: 2 Количество цветов мулине: 24 Канва: 16 Мулине: ПНК им. Кирова Схема: Цветная,символьная В набор входит: Канва,мулине,схема,игла"
НАБОРЫ ДЛЯ ВЫШИВАНИЯ,Набор для вышивания «Овен» 1329 Туманное утро,http://mir-priaji.ru/upload/iblock/50b/50b53b3230947446f29cd6eea857bced.jpg,"Характеристики: Размер: (25×20) Количество нитей: 2 Количество цветов мулине: 28 Канва: 16, ZWEIGART Мулине: DMC Схема: Цветная,символьная В набор входит: Канва,мулине,схема,игла"
НАБОРЫ ДЛЯ ВЫШИВАНИЯ,"Набор для вышивания «Овен» 1273 ""Осенняя гроза""",http://mir-priaji.ru/upload/iblock/bf7/bf7b706a89eb71d54c38e70cf953b4d1.jpg,"Характеристики: Размер: (40×30) Количество нитей: 2 Количество цветов мулине: 39 Канва: 16, ZWEIGART Мулине: ПНК им. Кирова Схема: Цветная,символьная В набор входит: Канва,мулине,схема,игла"
НАБОРЫ ДЛЯ ВЫШИВАНИЯ,Набор для вышивания «Овен» 1282 Букет нигелл,http://mir-priaji.ru/upload/iblock/fa8/fa87a7aba7bbda2fa6c7e2f803ebd8d0.jpg,"Характеристики: Размер: (20×27) Количество нитей: 2 Количество цветов мулине: 16 Канва: 16, ZWEIGART Мулине: ПНК им. Кирова Схема: Цветная,символьная В набор входит: Канва,мулине,схема,игла"
НАБОРЫ ДЛЯ ВЫШИВАНИЯ,Набор для вышивания «Овен» 1294 Осенняя пора,http://mir-priaji.ru/upload/iblock/3e6/3e6fdba3071b04c1258a2c9f84c715e0.jpeg,"Размер: (40×25) Количество нитей: 2 Количество цветов мулине: 35 Канва: 16 Мулине: ПНК им. Кирова Схема: Цветная,символьная В набор входит: Канва,мулине,схема,игла"
НАБОРЫ ДЛЯ ВЫШИВАНИЯ,Набор для вышивания «Овен» 1241 Чародейка зима,http://mir-priaji.ru/upload/iblock/97a/97a19b9766fb5283f4b6efbed444ddef.jpg,"Характеристики: Размер: (20×27) Количество нитей: 2 Количество цветов мулине: 18 Канва: 16, белая Мулине: ПНК им. Кирова Схема: Цветная,символьная В набор входит: Канва,мулине,схема,игла"
НАБОРЫ ДЛЯ ВЫШИВАНИЯ,Набор для вышивания «Овен» 1242 Зимняя тишина,http://mir-priaji.ru/upload/iblock/934/934703bd056e8989979041a5b0fe9f49.jpg,"Характеристики: Размер: (20×26) Количество нитей: 2 Количество цветов мулине: 20 Канва: 16, белая Мулине: ПНК им. Кирова Схема: Цветная,символьная В набор входит: Канва,мулине,схема,игла"
НАБОРЫ ДЛЯ ВЫШИВАНИЯ,Набор для вышивания «Овен» 1255 Большая волна в Канагаве,http://mir-priaji.ru/upload/iblock/087/087bcfccb1812ef5e15b402e21e592e4.jpg,"Характеристики: Размер: (30×20) Количество нитей: 2 Количество цветов мулине: 14 Канва: 16 Мулине: ПНК им. Кирова Схема: Цветная,символьная В набор входит: Канва,мулине,схема,игла"
НАБОРЫ ДЛЯ ВЫШИВАНИЯ,Набор для вышивания «Овен» 1258 Зимняя охота,http://mir-priaji.ru/upload/iblock/403/40368072125cc44e6e64cdf82ff32928.jpg,"Характеристики: Размер: (20×20) Количество нитей: 2 Количество цветов мулине: 26 Канва: 16, белая Мулине: ПНК им. Кирова Схема: Цветная,символьная В набор входит: Канва,мулине,схема,игла"
НАБОРЫ ДЛЯ ВЫШИВАНИЯ,Набор для вышивания «Овен» 1182 Закат на море,http://mir-priaji.ru/upload/iblock/9f3/9f3502526de62ba67f235f958ed17b5e.jpg,"Характеристики: Размер: (26×20) Количество нитей: 2 Количество цветов мулине: 19 Канва: 16 Мулине: ПНК им. Кирова Схема: Цветная,символьная В набор входит: Канва,мулине,схема,игла "
НАБОРЫ ДЛЯ ВЫШИВАНИЯ,Набор для вышивания «Овен» 1205 Зимний день,http://mir-priaji.ru/upload/iblock/26b/26be06d029a068f014aa9769d968efc3.jpg,"Характеристики: Размер: (40×27) Количество нитей: 2 Количество цветов мулине: 14 Канва: 16, ZWEIGART Мулине: ПНК им. Кирова Схема: Цветная,символьная В набор входит: Канва,мулине,схема,игла"
НАБОРЫ ДЛЯ ВЫШИВАНИЯ,Набор для вышивания «Овен» 1212 Колкая красота,http://mir-priaji.ru/upload/iblock/3f3/3f37ac1e0297b195430061d500f90d8f.jpg,"Характеристики: Размер: (25×35) Количество нитей: 2 Количество цветов мулине: 36 Канва: 18, ZWEIGART Мулине: ПНК им. Кирова Схема: Цветная,символьная В набор входит: Канва,мулине,схема,игла"
НАБОРЫ ДЛЯ ВЫШИВАНИЯ,Набор для вышивания «Овен» 1153 Фонарь с цветами,http://mir-priaji.ru/upload/iblock/55e/55e0adbf07c88912fdc5c63f764698cf.jpg,"В набор для вышивания входит: цветная символьная схема, ткань (канва), нитки мулине (хлопчатобумажные), игла, советы по вышивке крестом. Размер: (17×22) Количество нитей: 2 Количество цветов мулине: 20 Канва: 16, ZWEIGART."
НАБОРЫ ДЛЯ ВЫШИВАНИЯ,"Набор для вышивания «Овен» 1158 "" Август "" 38х27см",http://mir-priaji.ru/upload/iblock/b3b/b3b48333a991771c29f9e5a9dbc3a8ed.jpg,".В набор входит цветная схема,канва ,нитки мулине ,игла. Вышивается в 2 нити. 32 цвета. Канва Аида № 18, ZWEIGART.."
НАБОРЫ ДЛЯ ВЫШИВАНИЯ,Набор для вышивания «Овен» 1166 Мороз и солнце,http://mir-priaji.ru/upload/iblock/af7/af77c208698f251abd59595f43406cac.jpg,"Характеристики: Размер: (30×38) Количество нитей: 2 Количество цветов мулине: 22 Канва: 16, ZWEIGART Мулине: ПНК им. Кирова Схема: Цветная,символьная В набор входит: Канва,мулине,схема,игла "
НАБОРЫ ДЛЯ ВЫШИВАНИЯ,Набор для вышивания «Овен» 1073 Околица,http://mir-priaji.ru/upload/iblock/98b/98b981be34efac61bab613745f7feba6.jpg,"В набор входит: цветная схема, канва аида , нитки-мулине ПНК им.Кирова х/б., игла."
НАБОРЫ ДЛЯ ВЫШИВАНИЯ,Набор для вышивания «Овен» 1082 Осень,http://mir-priaji.ru/upload/iblock/afa/afa87fa312d87f1b0975e8dc9bdc16f0.jpg,"В набор входит: цветная схема, канва аида , нитки-мулине ПНК им.Кирова х/б., игла."
НАБОРЫ ДЛЯ ВЫШИВАНИЯ,Набор для вышивания «Овен» 1084 Три веселых гуся,http://mir-priaji.ru/upload/iblock/91f/91fbb895d3303f7895208793e76ee884.jpg,"В набор входит: цветная схема, канва аида , нитки-мулине ПНК им.Кирова х/б., игла."
НАБОРЫ ДЛЯ ВЫШИВАНИЯ,Набор для вышивания «Овен» 1133 Рыжая  24×16см,http://mir-priaji.ru/upload/iblock/fa3/fa3d7ff719800cf6e5cb24bc16d12905.jpg,"№ 1133 (24×16).В набор входит цветная схема,канва ,нитки мулине ,игла. Вышивается в 2 нити. 17 цветов. Канва Аида № 16, ZWEIGART."
НАБОРЫ ДЛЯ ВЫШИВАНИЯ,Набор для вышивания «Овен» 1072 Букет с одуванчиками,http://mir-priaji.ru/upload/iblock/543/5434104bc08862c875d51beca534f228.jpg,"В набор входит: цветная схема, канва аида , нитки-мулине ПНК им.Кирова х/б., игла."
НАБОРЫ ДЛЯ ВЫШИВАНИЯ,"Набор для вышивания «Овен» 1028 Лето, море, маки",http://mir-priaji.ru/upload/iblock/683/683113b45decc9c0a4c41ba9b0cfcbf3.jpg,"В набор для вышивания входит: цветная символьная схема, ткань (канва), нитки мулине (хлопчатобумажные), игла, советы по вышивке крестом."
НАБОРЫ ДЛЯ ВЫШИВАНИЯ,Набор для вышивания «Овен» 1040 Романтика ветра,http://mir-priaji.ru/upload/iblock/372/372f7fe8e71a2638122918976a4914e0.jpg,
НАБОРЫ ДЛЯ ВЫШИВАНИЯ,Набор для вышивания «Овен» 1043 Идиллия,http://mir-priaji.ru/upload/iblock/c45/c456cb544b1326466c89da5cad649f54.jpg,"Размер: (30×37) Количество нитей: 2 Количество цветов мулине: 33 Канва: 16, ZWEIGART Мулине: ПНК им. Кирова Схема: Цветная,символьная В набор входит: Канва,мулине,схема,игла"
НАБОРЫ ДЛЯ ВЫШИВАНИЯ,Набор для вышивания «Овен» 1015 Отважный шмель,http://mir-priaji.ru/upload/iblock/6a1/6a1f9daa4cbfdc6ce520306c9c072747.jpg,"Характеристики: Размер: (21×44) Количество нитей: 2 Количество цветов мулине: 33 Канва: 18, ZWEIGART Мулине: ПНК им.Кирова Схема: Цветная символьная В набор входит: Канва, мулине, схема, иголка"
НАБОРЫ ДЛЯ ВЫШИВАНИЯ,Набор для вышивания «Овен» 1017 Петропавловская крепость,http://mir-priaji.ru/upload/iblock/1ec/1ecdf63cbacdb0d058095c9458ab79f1.jpg,"В набор для вышивания входит: цветная символьная схема, ткань (канва), нитки мулине (хлопчатобумажные), игла, советы по вышивке крестом."
НАБОРЫ ДЛЯ ВЫШИВАНИЯ,Набор для вышивания «Овен» 1000 Цветочная композиция. Пионы,http://mir-priaji.ru/upload/iblock/cce/cce54fd0c497a495432701567619adfd.jpg,"В набор входит: цветная схема, канва, нитки-мулине ПНК им. Кирова х/б, игла."
НАБОРЫ ДЛЯ ВЫШИВАНИЯ,Набор для вышивания «Овен» 1002 Путеводная звезда,http://mir-priaji.ru/upload/iblock/e20/e201297066a0c622a52f09f0f40a3f3e.jpg,"В набор для вышивания входит: цветная символьная схема, ткань (канва), нитки мулине (хлопчатобумажные), игла, советы по вышивке крестом."
НАБОРЫ ДЛЯ ВЫШИВАНИЯ,"Набор для вышивания «Овен» 1010 Лето, поле, маки",http://mir-priaji.ru/upload/iblock/c61/c61128a3a61a59d7af2d4f15759c7fdd.jpg,"В набор для вышивания входит: цветная символьная схема, ткань (канва), нитки мулине (хлопчатобумажные), игла, советы по вышивке крестом."
НАБОРЫ ДЛЯ ВЫШИВАНИЯ,Набор для вышивания «Luca-S» B521 Мать и дитя,http://mir-priaji.ru/upload/iblock/96f/96f38ea71c63437b8f8d2c497eb4b1ae.jpg,"В состав набора входит: канва Zweigart, нитки мулине Anchor, игла, схема, инструкция."
НАБОРЫ ДЛЯ ВЫШИВАНИЯ,Набор для вышивания Crystal Art  ВТ-0068 Семья гепардов 23x29 см,http://mir-priaji.ru/upload/iblock/cde/cdeb20c9cca44e922bca8360470114c9.jpg,"В набор входит: инструкция, цветная схема, Aida 14, хлопковое мулине Bestex - 15 цветов и игла.  Размер: 23x29 см"
НАБОРЫ ДЛЯ ВЫШИВАНИЯ,Набор для вышивания Crystal Art  ВТ-0069 Веселая свадьба 27x22.5 см,http://mir-priaji.ru/upload/iblock/a8e/a8ef2ac83c28028ef8c1c746b508fbe8.jpg,"В набор входит: инструкция, цветная схема, Aida 14, хлопковое мулине Bestex - 11 цветов и игла.  Размер: 27x22.5 см"
НАБОРЫ ДЛЯ ВЫШИВАНИЯ,Набор для вышивания Crystal Art  ВТ-0071 Спящий котик 22.5x16.5 см,http://mir-priaji.ru/upload/iblock/4bb/4bb758ae707ede57ab840ec01d5a40d1.jpg,"В набор входит: инструкция, цветная схема, Aida 14, хлопковое мулине Bestex - 4 цвета и игла.  Размер: 22.5x16.5 см"
НАБОРЫ ДЛЯ ВЫШИВАНИЯ,Набор для вышивания Crystal Art  ВТ-0063 Игра в прятки 22.5x27.5 см,http://mir-priaji.ru/upload/iblock/4d6/4d6c0760cfdc0463a5e4a3491902626e.jpg,"В набор входит: инструкция, цветная схема, Aida 14, хлопковое мулине Bestex - 12 цветов и игла.  Размер: 22.5x27.5 см"
НАБОРЫ ДЛЯ ВЫШИВАНИЯ,Набор для вышивания Crystal Art  ВТ-0065 Июльские краски 25.5x27 см,http://mir-priaji.ru/upload/iblock/1a0/1a0344c36a3fe0080cafea03dbb79e68.jpg,"В набор входит: инструкция, цветная схема, Aida 16, хлопковое мулине Bestex - 27 цветов и игла.  Размер: 25.5x27 см"
НАБОРЫ ДЛЯ ВЫШИВАНИЯ,Набор для вышивания Crystal Art  ВТ-0067 Семья сов 27.5x20 см,http://mir-priaji.ru/upload/iblock/e5a/e5ac8305d396833a59d272bc9e150807.jpg,"В набор входит: инструкция, цветная схема, Aida 14, хлопковое мулине Bestex - 9 цветов и игла.  Размер: 27.5x20 см"
НАБОРЫ ДЛЯ ВЫШИВАНИЯ,Набор для вышивания Crystal Art  ВТ-0060 Весенний букет 19 x 25 см,http://mir-priaji.ru/upload/iblock/9be/9bed3a5c935142d3fd4796b9fe295ba4.jpg,"ВТ-060 Набор для вышивания крестом Crystal Art Весенний букет  В набор входит: инструкция, цветная схема, Aida 16, хлопковое мулине Bestex - 21 цвет и игла.  Размер: 19 x 25 см"
НАБОРЫ ДЛЯ ВЫШИВАНИЯ,Набор для вышивания Crystal Art  ВТ-0061 Мост влюбленных 30.5x19 см,http://mir-priaji.ru/upload/iblock/e5d/e5d85f3c0b7bfd29be386213b5162337.jpg,"В набор входит: инструкция, цветная схема, Aida 14, хлопковое мулине Bestex - 26 цветов и игла.  Размер: 30.5x19 см"
НАБОРЫ ДЛЯ ВЫШИВАНИЯ,"Набор для вышивания «Сотвори Сама» 1239 Натюрморт с красным вином,30*30 см",http://mir-priaji.ru/upload/iblock/e27/e2743de7eb2f19fcd701df9060d6ec39.jpg,"Наименование:""Натюрморт с красным вином"" Артикул:№1239 Каталог: 19 Нитки: шерсть Цветов: 12 Игла: 1 вид Размер:  Канва: 14 Aida Zweigart черная Буклет: цветная схема Художник: Анна Петросян В набор также входит металлизированная нить.  "
НАБОРЫ ДЛЯ ВЫШИВАНИЯ,"Набор для вышивания «Сотвори Сама» 1744 Сакура, Фудзи  55*25 см",http://mir-priaji.ru/upload/iblock/045/045470bd2e17e4b268f4febf2e42ec80.jpg,"Наименование:""Сакура. Фудзи"" Артикул:№1744 Каталог: 32 Нитки: мулине Anchor Цветов: 19 Бисер: 1 вид Игла: 2 вида Размер: 55*25 см Канва: 14 Aida Zweigart белая Буклет: цветная схема Художник: Анна Петросян Язык: рус., анг., нем., фран., исп., итал. Вес: 170 г Размеры упаковки (ШхВхГ): 21 x 27 x 0.6 см"
НАБОРЫ ДЛЯ ВЫШИВАНИЯ,"Набор для вышивания «Чудесная игла» 100-044 ""Свет очарования""17 х 23 см",http://mir-priaji.ru/upload/iblock/e93/e93611ec08af3acb7595215887bb34a3.jpg,Артикул100-044 Размер17 х 23 см Схемацветная символьная Количество цветов32 Ниткимулине GAMMA (хлопок) Тип основыканва Аида 14 Цвет основысеро-бежевый Состав основы100% хлопок Иглагобеленовая №24 Техникасчетный крест СложностьСредняя Инструкцияподробная инструкция на русском и английском языках ШтрихКод4627150722581 ПроизводительЧУДЕСНАЯ ИГЛА (MAGIC NEEDLE) Россия Упаковкапластиковый пакет с еврослотом
НАБОРЫ ДЛЯ ВЫШИВАНИЯ,Набор для вышивания «Овен» 260 Поцелуй,http://mir-priaji.ru/upload/iblock/6ae/6aeaa9927fcee6a67e228df5aded8c43.jpg,"В набор для вышивания входит: цветная символьная схема, ткань (канва), нитки мулине (хлопчатобумажные), игла, советы по вышивке крестом."
НАБОРЫ ДЛЯ ВЫШИВАНИЯ,"Набор для вышивания «Сотвори Сама» 1155 Золотая роща,60х40 см",http://mir-priaji.ru/upload/iblock/66c/66ccddedff5ca52dd826dab819bb5874.jpg,"Наименование:""Золотая роща"" Артикул:№1155 Каталог: 18-приложение Нитки: шерсть Цветов: 26 Игла: 1 вид Размер: 60*40 см Канва: 10 Aida Zweigart белая Буклет: цветная схема Художник: Светлана Сидорова "
НАБОРЫ ДЛЯ ВЫШИВАНИЯ,"С рождением дочурки, открытка, серия ""Детская""",http://mir-priaji.ru/upload/iblock/ca4/ca4eb90eb53a1dedb8b6d0d823bab64f.jpg,
НАБОРЫ ДЛЯ ВЫШИВАНИЯ,"С рождением сына, открытка, серия ""Детская""",http://mir-priaji.ru/upload/iblock/938/93823d13b9b40fa00a07e1c9ed78a381.jpg,
НАБОРЫ ДЛЯ ВЫШИВАНИЯ,"Набор для вышивания Crystal Art ВТ-529 ""Любопытная планета"" 26x20 см",http://mir-priaji.ru/upload/iblock/460/460c2c3bdc4574744574c0e1c29d1e79.jpg,"Размер: 26x20 см Вид: вышивка Производители: Crystal Art Канва: 16 (60кл. в 10см) Техника: частичная вышивка Мулине: Bestex Тематика: пейзажи В воображении малышей весь мир вокруг – это волшебная страна или даже планета, открывать которую предстоит на протяжении всей жизни. Маленькому человеку все кажется большим и загадочным: меняющиеся со временем года листья на деревьях напоминают разноцветные огоньки, виднеющиеся вдали домики походят на игрушки из соседнего магазина, а яркий месяц манит мечтой стать космонавтом. Весь этот мир живет в нашем воображении и как же иногда хочется вернуться на эту планету детства, чтобы снова создавать свой удивительный мир. Предлагаем Вам выбрать для своего творчества набор для частичной вышивки крестом «Любопытная планета» от «Crystal Art®» и с головой окунуться в яркий мир, увиденный глазами ребенка. В состав входит: инструкция, цветная символьная схема, ткань для вышивания с нанесенным рисунком, хлопковое мулине Bestex - 21 цвет, бусины Crystal Art - 3 цвета и игла. «Любопытная планета» от «Crystal Art®» - это возможность взглянуть на мир широко распахнутыми глазами ребенка! Подарите себе хорошее настроение и украсьте любимую комнату удивительной картиной! Отдельно стоит отметить, что работа вышивается швами ""крест"" и ""назад иголку""."
НАБОРЫ ДЛЯ ВЫШИВАНИЯ,Набор для вышивания Crystal Art ВТ-530 Девять карпов  38x23 см,http://mir-priaji.ru/upload/iblock/669/6698f48ec9316bc91bedd5d330a134bd.jpg,"Размер: 38x23 см Вид: вышивка Производители: Crystal Art Канва: 14 (55кл. в 10см), сублимация (рисунок на ткани) Техника: крест Мулине: Bestex Тематика: разное В набор входит: инструкция, цветная символьная схема, ткань для вышивания с нанесенным рисунком, хлопковое мулине Bestex - 32 цвета и игла.   Отдельно стоит отметить, что работа вышивается швами ""крест"" и ""назад иголку""."
НАБОРЫ ДЛЯ ВЫШИВАНИЯ,Набор для вышивания Crystal Art ВТ-0045 Цветение яблони 19x28 см,http://mir-priaji.ru/upload/iblock/957/957c7f75ef2683ec0b7f214cb3788231.jpg,"В набор входит: инструкция, цветная схема, канва Aida 14, хлопковое мулине Bestex - 11 цветов, бисер Preciosa Ornela (Чехия) - 4 цвета и иглы.  Размер: 19x28 см"
НАБОРЫ ДЛЯ ВЫШИВАНИЯ,Набор для вышивания Crystal Art ВТ-0047 Призрачный город 39x26 см,http://mir-priaji.ru/upload/iblock/915/915788bff32ddbfeb10ba9961ce0283e.jpg,"В набор входит: инструкция, цветная схема, Aida 14, хлопковое мулине Bestex - 13 цветов и игла.  Размер: 39x26 см"
НАБОРЫ ДЛЯ ВЫШИВАНИЯ,Набор для вышивания Crystal Art ВТ-0055 Бархатный сезон 62.5 x 40 см,http://mir-priaji.ru/upload/iblock/bc4/bc4fc250ba5027fcba19e7c660fc729d.jpg,"ВТ-055 Набор для вышивания крестом Crystal Art ""Бархатный сезон""  В набор входит: инструкция, цветная схема, Aida 14, хлопковое мулине Bestex - 39 цветов и игла.  Размер: 62.5 x 40 см"
НАБОРЫ ДЛЯ ВЫШИВАНИЯ,Набор для вышивания Crystal Art ВТ-0010 Ранняя прогулка 20x15 см,http://mir-priaji.ru/upload/iblock/fbc/fbc911aacc6e26e5849164d97046d7a0.jpg,"В набор входит: инструкция, цветная схема, канва Aida 14, хлопковое мулине Bestex - 15 цветов и игла.  Размер: 20x15 см"
НАБОРЫ ДЛЯ ВЫШИВАНИЯ,Набор для вышивания Crystal Art ВТ-0018 Хозяйственный ежик 10 x 11 см,http://mir-priaji.ru/upload/iblock/8c5/8c5a58f4673928fc38a7acf4652dec55.jpg,"ВТ-018 Набор для вышивания крестом Crystal ArtХозяйственный ежик  В набор входит: инструкция, цветная схема, канва Aida 14, хлопковое мулине Bestex - 17 цветов и игла.  Размер: 10 x 11 см"
НАБОРЫ ДЛЯ ВЫШИВАНИЯ,Набор для вышивания Crystal Art ВТ-0042 Букет для любимой 60 x 40 см,http://mir-priaji.ru/upload/iblock/a46/a46a89f9e9eb54c018d51715f5af44e8.jpg,"ВТ-042 Набор для вышивания крестом Crystal Art Букет для любимой  В набор входит: инструкция, цветная схема, Aida 14, хлопковое мулине Bestex - 32 цвета и игла.  Размер: 60 x 40 см"
НАБОРЫ ДЛЯ ВЫШИВАНИЯ,Набор для вышивания Crystal Art  ВТ-0053 Этюд с красными розами 15x37 см,http://mir-priaji.ru/upload/iblock/da7/da74cd54889e10bf2b8767fb91efbaae.jpg,"В набор входит: инструкция, цветная схема, Aida 14, хлопковое мулине Bestex - 17 цветов и игла.  Размер: 15x37 см"
НАБОРЫ ДЛЯ ВЫШИВАНИЯ,Набор для вышивания Crystal Art  ВТ-0054 Орлы над каньоном 40 x 27.5 см,http://mir-priaji.ru/upload/iblock/763/7631c1ab7475a6d68fa8ebe8a18da96b.jpg,"ВТ-054 Набор для вышивания крестом Crystal Art ""Орлы над каньоном""  В набор входит: инструкция, цветная схема, Aida 14, хлопковое мулине Bestex - 15 цветов и игла.  Размер: 40 x 27.5 см"
НАБОРЫ ДЛЯ ВЫШИВАНИЯ,Набор для вышивания Crystal Art  ВТ-0058 Волк и волчица 21x27.5 см,http://mir-priaji.ru/upload/iblock/657/65738a52022c65ee2a24d701db18fb8a.jpg,"В набор входит: инструкция, цветная схема, Aida 14, хлопковое мулине Bestex - 13 цветов и игла.  Размер: 21x27.5 см"
НАБОРЫ ДЛЯ ВЫШИВАНИЯ,Набор для вышивания Crystal Art  ВТ-0059 Маленькие совушки 14x12 см,http://mir-priaji.ru/upload/iblock/678/67812395b5a78d11bcbc01e3be2e6ec5.jpg,"В набор входит: инструкция, цветная схема, Aida 14, хлопковое мулине Bestex - 7 цветов и игла.  Размер: 14x12 см"
НАБОРЫ ДЛЯ ВЫШИВАНИЯ,Набор для вышивания Crystal Art  ВТ-0052 Этюд с желтыми розами 15x37 см,http://mir-priaji.ru/upload/iblock/a12/a126bb0c93cdfa18883582f6483b8036.jpg,"В набор входит: инструкция, цветная схема, Aida 14, хлопковое мулине Bestex - 17 цветов и игла.  Размер: 15x37 см"
НАБОРЫ ДЛЯ ВЫШИВАНИЯ,Набор для вышивания Crystal Art  ВТ-0041 Верные друзья 36.5x29 см,http://mir-priaji.ru/upload/iblock/37d/37dd431793e8dbb6cd72748a8c301c36.jpg,"В набор входит: инструкция, цветная схема, Aida 14, хлопковое мулине Bestex - 19 цветов и игла.  Размер: 36.5x29 см"
НАБОРЫ ДЛЯ ВЫШИВАНИЯ,Набор для вышивания Crystal Art  ВТ-0049 На пруду 18 x 26.5 см,http://mir-priaji.ru/upload/iblock/eaa/eaa910550fca12623f841cddff65a51e.jpg,"ВТ-049 Набор для вышивания крестом Crystal Art На пруду  В набор входит: инструкция, цветная схема, Aida 14, хлопковое мулине Bestex - 15 цветов и игла.  Размер: 18 x 26.5 см"
НАБОРЫ ДЛЯ ВЫШИВАНИЯ,Набор для вышивания Crystal Art  ВТ-0050 Вестники небес 27.5 x 18 см,http://mir-priaji.ru/upload/iblock/b48/b4809723f30c81d18788a803961b00c8.jpg,"ВТ-050 Набор для вышивания крестом Crystal Art Вестники небес  В набор входит: инструкция, цветная схема, Aida 14, хлопковое мулине Bestex - 11 цветов, бисер Preciosa Ornela (Чехия) - 3 цвета и иглы.  Размер: 27.5 x 18 см"
НАБОРЫ ДЛЯ ВЫШИВАНИЯ,Набор для вышивания Crystal Art  ВТ-0051 Свежесть луга 26 x 39 см,http://mir-priaji.ru/upload/iblock/8e6/8e6aaf03654c37fc3f382909696ca285.jpg,"ВТ-051 Набор для вышивания крестом Crystal Art Свежесть луга  В набор входит: инструкция, цветная схема, Aida 14, хлопковое мулине Bestex - 23 цвета и игла.  Размер: 26 x 39 см"
НАБОРЫ ДЛЯ ВЫШИВАНИЯ,Набор для вышивания Crystal Art  ВТ-0035 Город у воды 39x24.5 см,http://mir-priaji.ru/upload/iblock/059/059baa0e99da7b510e924a478d0ffae6.jpg,"В набор входит: инструкция, цветная схема, канва Aida 14, хлопковое мулине Bestex - 14 цветов и игла.  Размер: 39x24.5 см"
НАБОРЫ ДЛЯ ВЫШИВАНИЯ,Набор для вышивания Crystal Art  ВТ-0038 К прогулке готов! 11x10 см,http://mir-priaji.ru/upload/iblock/7f8/7f8f5361b71c8ee5cc9d64fc9bb9b9ee.jpg,"В набор входит: инструкция, цветная схема, канва Aida 14, хлопковое мулине Bestex - 8 цветов и игла.  Размер: 11x10 см"
НАБОРЫ ДЛЯ ВЫШИВАНИЯ,Набор для вышивания Crystal Art  ВТ-0039 Летняя пора 22 x 20 см,http://mir-priaji.ru/upload/iblock/676/6766c49a174840c3c6dcb2281093746c.jpg,"ВТ-039 Набор для вышивания крестом Crystal Art Летняя пора  в набор входит: инструкция, цветная схема, канва Aida 14, хлопковое мулине Bestex - 18 цветов и игла.  Размер: 22 x 20 см"
НАБОРЫ ДЛЯ ВЫШИВАНИЯ,Набор для вышивания Crystal Art  ВТ-0040 Первая любовь 22x20 см,http://mir-priaji.ru/upload/iblock/015/015b64dfc4ccdcf04b49d0ac34279fa1.jpg,"В набор входит: инструкция, цветная схема, канва Aida 14, хлопковое мулине Bestex - 19 цветов и игла.  Размер: 22x20 см"
НАБОРЫ ДЛЯ ВЫШИВАНИЯ,Набор для вышивания Crystal Art  ВТ-0023 Розы и незабудки 22x30 см,http://mir-priaji.ru/upload/iblock/a59/a5922571a3958565b3fe9de7fafe28eb.jpg,"В набор входит: инструкция, цветная схема, канва Aida 14, хлопковое мулине Bestex - 18 цветов и игла.  Размер: 22x30 см"
НАБОРЫ ДЛЯ ВЫШИВАНИЯ,Набор для вышивания Crystal Art  ВТ-0025 Лесная прогулка 11x12 см,http://mir-priaji.ru/upload/iblock/a4b/a4b4178312c1655b63ba6cb4adada54a.jpg,"В набор входит: инструкция, цветная схема, канва Aida 14, хлопковое мулине Bestex - 7 цветов и игла.  Размер: 11x12 см"
НАБОРЫ ДЛЯ ВЫШИВАНИЯ,Набор для вышивания Crystal Art  ВТ-0029 Маленький разбойник 20 x 15 см,http://mir-priaji.ru/upload/iblock/754/75471733a1eaba294e9cdb7502ef1793.jpg,"BT-029 Набор для вышивания крестом Crystal Art Маленький разбойник  В набор входит: инструкция, цветная схема, канва Aida 14, хлопковое мулине Bestex - 15 цветов, бисер Preciosa Ornela (Чехия) - 4 цвета и иглы.  Размер: 20 x 15 см"
НАБОРЫ ДЛЯ ВЫШИВАНИЯ,Набор для вышивания Crystal Art  ВТ-0030 Маленькая принцесса 20x15 см,http://mir-priaji.ru/upload/iblock/228/228e431485b964630e94e74150352617.jpg,"В набор входит: инструкция, цветная схема, канву aida 14, хлопковое мулине Bestex - 17 цветов, бисер Preciosa Ornela (Чехия) - 3 цвета и иглы.  Размер: 20x15 см"
НАБОРЫ ДЛЯ ВЫШИВАНИЯ,Набор для вышивания Crystal Art  ВТ-001 Душистый ирис 20 x 47 см,http://mir-priaji.ru/upload/iblock/c47/c4784d6333aa3c91f8a5125049e525e4.jpg,"ВТ-001 Набор для вышивания крестом Crystal Art Душистый ирис В набор входит: инструкция, цветная символьная схема, канва Aida 14, хлопковое мулине Bestex - 22 цвета и игла. Размер: 20 x 47 см"
НАБОРЫ ДЛЯ ВЫШИВАНИЯ,Набор для вышивания Crystal Art  ВТ-0012 Совенята 20.5x20.5 см,http://mir-priaji.ru/upload/iblock/e87/e87084d11853a90f3abab1e8b565bc82.jpg,"В набор входит: инструкция, цветная схема, канва Aida 14, хлопковое мулине Bestex - 11 цветов и игла.  Размер: 20.5x20.5 см"
НАБОРЫ ДЛЯ ВЫШИВАНИЯ,Набор для вышивания Crystal Art  ВТ-0021 Летний отдых 22 x 20 см,http://mir-priaji.ru/upload/iblock/fd1/fd1660b863aadae9cac95711752f6b7f.jpg,"ВТ-021 Набор для вышивания крестом Crystal Art Летний отдых  В набор входит: инструкция, цветная схема, канва Aida 14, хлопковое мулине Bestex - 18 цветов и игла.  Размер: 22 x 20 см"
НАБОРЫ ДЛЯ ВЫШИВАНИЯ,Набор для вышивания Crystal Art  ВТ-0006 Дачный уют 40x20 см,http://mir-priaji.ru/upload/iblock/616/616c83909dff6ac83037b1c44b3db6b7.jpg,"В набор входит: инструкция, цветная схема, канва Aida 14, хлопковое мулине Bestex - 29 цветов и игла.  Размер: 40x20 см"
НАБОРЫ ДЛЯ ВЫШИВАНИЯ,Набор для вышивания Crystal Art  ВТ-0007 Первые шаги 24x18 см,http://mir-priaji.ru/upload/iblock/8ee/8ee9968b73f08b9c98b3f3686d57ad46.jpg,"В набор входит: инструкция, цветная схема, канва Aida 16, хлопковое мулине Bestex - 11 цветов и игла.  Размер: 24x18 см"
НАБОРЫ ДЛЯ ВЫШИВАНИЯ,Набор для вышивания Crystal Art  ВТ-0008 Первые шаги 24x18 см,http://mir-priaji.ru/upload/iblock/e89/e89f964d27262f28cf12cc5240e6d6c1.jpg,"В набор входит: инструкция, цветная схема, канва Aida 16, хлопковое мулине Bestex - 11 цветов и игла.  Размер: 24x18 см"
НАБОРЫ ДЛЯ ВЫШИВАНИЯ,Набор для вышивания Crystal Art  ВТ-0009 Таинственный город 21x36 см,http://mir-priaji.ru/upload/iblock/8d9/8d9602b31080a0dc48607e6c53f8acf2.jpg,"В набор входит: инструкция, цветная схема, канва Aida 14, хлопковое мулине Bestex - 7 цветов и игла.  Размер: 21x36 см"
НАБОРЫ ДЛЯ ВЫШИВАНИЯ,Набор для вышивания Crystal Art  ВТ-0003 Сладкая мечта 11.5x17.5 см,http://mir-priaji.ru/upload/iblock/104/1048ce138a0b22bfd77976adcfb72d0f.jpg,"В набор входит: инструкция, цветная схема, канва Aida 14, хлопковое мулине Bestex - 17 цветов и игла.  Размер: 11.5x17.5 см"
НАБОРЫ ДЛЯ ВЫШИВАНИЯ,Набор для вышивания Crystal Art  ВТ-0004 Весенняя прогулка 20x15 см,http://mir-priaji.ru/upload/iblock/ad2/ad27b2b50119de592e606ad695eeeb93.jpg,"В набор входит: инструкция, цветная схема, канва Aida 14, хлопковое мулине Bestex - 17 цветов, бисер Preciosa Ornela (Чехия) - 1 цвет и игла.  Размер: 20x15 см"
НАБОРЫ ДЛЯ ВЫШИВАНИЯ,Набор для вышивания Crystal Art  ВТ-0005 Time for tea ( время для чая)  20x26 см,http://mir-priaji.ru/upload/iblock/5e0/5e0b6b2d15be9227b2d4f8097d87ee4a.jpg,"В набор входит: инструкция, цветная схема, канва Aida 14, хлопковое мулине Bestex - 22 цвета и игла. Размер: 20x26 см"
НАБОРЫ ДЛЯ ВЫШИВАНИЯ,Набор для вышивания CHERISH,http://mir-priaji.ru/upload/iblock/cc9/cc9953fd167fff7db483d4b1b2ecc7a0.jpg,
НАБОРЫ ДЛЯ ВЫШИВАНИЯ,"Набор для вышивания Crystal Art  ВТ-0002 Цветущий сон,  20 x 34 см",http://mir-priaji.ru/upload/iblock/890/890e372abeab2b29e098182566d63ca8.jpg,"ВТ-002 Набор для вышивания крестом Crystal Art Цветущий сон  В набор входит: инструкция, цветная схема, Aida 14, хлопковое мулине Bestex - 13 цветов и игла.  Размер: 20 x 34 см"
НАБОРЫ ДЛЯ ВЫШИВАНИЯ,Набор для вышивания «Овен» 711 Волчья верность,http://mir-priaji.ru/upload/iblock/25e/25e0f2158d88b8934fbe16b3b5398206.jpg,В состав набора входит: 1. Канва Aida-14  2. Мулине х/б. 7 цветов 3. Игла для вышивания 4. Цветная схема 5. Инструкция на русском языке.
НАБОРЫ ДЛЯ ВЫШИВАНИЯ,"Набор для вышивания ""Игрушки для кота"" С116",http://mir-priaji.ru/upload/iblock/9e3/9e38e07ef76581cc2e86665ec2376aa8.jpg,
НАБОРЫ ДЛЯ ВЫШИВАНИЯ,"Мурлыки, серия ""Машенька"", 16х14см",http://mir-priaji.ru/upload/iblock/b70/b7037063283904eedd396dc9de9df8a6.jpeg,
НАБОРЫ ДЛЯ ВЫШИВАНИЯ,"Маки, серия ""Цветы"", 15*20 см",http://mir-priaji.ru/upload/iblock/2cc/2cc0ea2de79297986bd63d7a3effeb4f.jpeg,
НАБОРЫ ДЛЯ ВЫШИВАНИЯ,"Забавные мишутки, серия ""Машенька"", 16х14см",http://mir-priaji.ru/upload/iblock/bd1/bd1987711ce7e197190427c1401d62a0.jpeg,
НАБОРЫ ДЛЯ ВЫШИВАНИЯ,30894 NP Набор для вышивания. вышивка по страмину.R28 cм Цветы  28x28 см,http://mir-priaji.ru/upload/iblock/a17/a171321cc3f82b7d6fc4aa2f23725b4f.jpg,"Производитель: Candamar Страна: США Размер вышивки: 28x28 см Канва: Страмин с нанесенным рисунком 14 Цвет канвы:Белый Нитки: хлопок Дизайнер: Theresa Politowicz Heires). Набор содержит: канва с нанесенным фоном и рисунком, игла, мулине, металлизированные нити, схема, инструкция. Диаметр 28 см Техника вышивки: Гобелен Тематика: Цветы &gt; Другие цветы Птицы &gt; Колибри "
НАБОРЫ ДЛЯ ВЫШИВАНИЯ,Набор для вышивания «Чарівна Мить» 591 Усадьба,http://mir-priaji.ru/upload/iblock/7d0/7d0e8f44a2ee8f2e8def393452e1b4b5.gif,"Набор для вышивания ""Усадьба""  Размер: 54x17 см  В набор входит:  -цветная схема,  -инструкция,  -ткань Aida 14 белого цвета хлопок,  -мулине (ПНК им Кирова)25 цветов и игла.  Работа вышивается в три, две и одну нити швом ""крест"", ""полукрест"", ""назад иголка"".  "
НАБОРЫ ДЛЯ ВЫШИВАНИЯ,"Набор для вышивания ""Палитра"" 08.023 "" «ИТАЛЬЯНСКИЙ МОСТ, САНКТ-ПЕТЕРБУРГ».",http://mir-priaji.ru/upload/iblock/909/909bfebd4315809bf8d801b118e20d52.jpg,"Описание название вышивки: «Итальянский мост, Санкт-Петербург». тема: пейзаж размер: 19х27 см. 10 цветов. В набор входит: канва Aida «Bestex» №16, нитки мулине „ПНК им.Кирова СПб“, игла „Pony“, 3-хцветная (чёрный, красный, синий) символьная схема, инструкция."
НАБОРЫ ДЛЯ ВЫШИВАНИЯ,"Набор для вышивания «Чаривна Мить» 557 Ночной проспект,27х18 см",http://mir-priaji.ru/upload/iblock/d35/d3513c7311ab561aa737b58781dc0f93.jpg,"Набор для вышивания ""Ночной проспект""  Размер:27х18 см  В набор входят:  -хлопковое мулине ПНК им. Кирова,  -хлопковая канва белого цвета (6 клеток в 1 см),  -игла,  -схема,  -инструкция."
НАБОРЫ ДЛЯ ВЫШИВАНИЯ,Набор для вышивания TT113  FLOWERPOT (Цветочный горшок) 16x16 см.,http://mir-priaji.ru/upload/iblock/093/093a7d053b3e0a529cc4b408ffe7b8f1.jpg,"Набор включает в себя: - канву белую №14 Aida, - нитки мулине хлопковые `Anchor` на органайзере, - иглу, - черно-белую схему для вышивания, - инструкцию по вышиванию, - размер 16x16 см. Техника исполнения счетный крест."
НАБОРЫ ДЛЯ ВЫШИВАНИЯ,"52424 ЕСХ Набор для вышивания.  ""После сбора урожая"" Счетный крест, 30,5х40,6 см",http://mir-priaji.ru/upload/iblock/6e3/6e3ae7f974b4bd6352b0bae842f556c4.jpg,"Счетный крест, Панно 30,5х40,6см Пейзаж ""После сбора урожая"" Канва Аида №16 кремовая. инструкция на русском языке."
НАБОРЫ ДЛЯ ВЫШИВАНИЯ,"52425 СХ  Набор для вышивания ""Портофино после полудня""Счетный крест.40,6х30,5 см",http://mir-priaji.ru/upload/iblock/92f/92f4597df3561c20c88a2dd546e8bc82.jpg,"Набор для вышивания ""Портофино после полудня""Счетный крест.40,6х30,5 см Канва №16 кремовая. инструкция на русском языке."
НАБОРЫ ДЛЯ ВЫШИВАНИЯ,"52426 Набор для вышивания ""Фамильный дом Реноров""Счетный крест.40,6х30,5 см",http://mir-priaji.ru/upload/iblock/9a6/9a6f6a11446db3b01ef5de2a069e878f.jpeg,"Набор для вышивания CANDAMAR DESIGN 52426 ""Фамильный дом Реноров"" Дизайнер: Чарльз Уайт Техника исполнения: счетный крест Размер: 40.6х30.6 см Канва №16 кремовая. инструкция на русском языке."
НАБОРЫ ДЛЯ ВЫШИВАНИЯ,"52428 CX Набор для вышивания ""По улочкам Флоренции""Счетный крест.30,5х40,6 см",http://mir-priaji.ru/upload/iblock/260/26086bc7c3b7a6004eb1bd64be307272.jpg," Набор для вышивания ""По улочкам Флоренции""Счетный крест.30,5х40,6 см Канва Аида №16 кремовая инструкция на русском языке."
НАБОРЫ ДЛЯ ВЫШИВАНИЯ,"52434 ЕСХ Набор для вышивания ""Шляпа Мэнди""Счетный крест.40,6х30,5 см",http://mir-priaji.ru/upload/iblock/df9/df9717d3eb9a486a518a9231250046f7.jpg,"Набор для вышивания ""Шляпа Мэнди""Счетный крест.40,6х30,5 см Канва Аида №16 кремовая. инструкция на русском языке. "
НАБОРЫ ДЛЯ ВЫШИВАНИЯ,"52501 ЕСХ Набор для вышивания. Коллекция ""Disney"" Счетный крест 40,6 x 30,5 см.",http://mir-priaji.ru/upload/iblock/c70/c703070093d3f1034fc8ee3c37e61939.jpg,"Название: Пиноккио загадывает желание. Техника: Счётный крест. Коллекция: Disney. Размер: 40,6 x 30,5 см. Производитель: Candamar Designs (США). Тема: детские сюжеты, городской пейзаж. В состав вышивального набора входит: 1. Канва Аида-18 (70 клеточек в 10 см) молочного цвета. 2. Мулине х/б. 3. Игла для вышивания. 4. Ч/б схема для вышивания. 5. Инструкция на русском языке."
НАБОРЫ ДЛЯ ВЫШИВАНИЯ,"51640 СХ Набор для вышивания.Деревенская жизнь. Счетный крест,38,1х30,5см",http://mir-priaji.ru/upload/iblock/742/742ebd967be21d7044ac1b9e1433e365.jpg,"Техника вышивания: счетный крест. Размер: 38.1 х 30.5 см. В состав набора входит: канва Аида 14, мулине, иголка, .символьная схема и подробная инструкция на русском языке."
НАБОРЫ ДЛЯ ВЫШИВАНИЯ,"51641 СХ Набор для вышивания Следы на песке.Счетный крест, 38,1х30,5см",http://mir-priaji.ru/upload/iblock/4c7/4c77695ab51d2e47c13f36ce51461fc5.jpeg,"Производитель: Candamar Страна: США Артикул: 51641 Размер вышивки: 38.1x30.5 см Канва: Aida 14 Цвет канвы: Кремовый Нитки: хлопок Дизайнер: Thomas Kinkade Набор содержит: мулине, канва, игла, схема, инструкция на русском языке."
НАБОРЫ ДЛЯ ВЫШИВАНИЯ,"51644 СХ Набор для вышивания Счетный крест,Панно 40,6х27,9см",http://mir-priaji.ru/upload/iblock/ccc/ccc1e2b501eba850765310cd83b99f7a.jpg,"ПроизводительCandamar Designs Комплектацияканва Аида №16, 100% хлопок, нити для вышивания, игла, схема, инструкция на русском языке. Размер40,6 x 27,9 см ТематикаПейзаж ТехникаСчетный крест Тип упаковкипластиковый пакет с отверстием* Цель применениявышивание Вышивальные наборы CANDAMAR DESIGNS - это классические наборы для вышивания в технике «счетный крест», «частичной вышивки» и наборы для вышивания панно в технике гобеленового стежка. В соответствии с техникой вышивания, наборы комплектуются необходимыми материалами: канва, как правило, Aida 14 ct, а в некоторых наборах 16 ct или 18 ct. В наборах с «частичной вышивкой» на канву нанесен рисунок стойкими чернилами. Принт не линяет при стирке. В наборах с техникой гобеленового стежка используется плотный страмин (14 ct) с нанесенным рисунком. Нити мулине из 100% мерсеризованного хлопка производства США. В соответствии с дизайном, в некоторые наборы вложены шелковые нити, нити «металлик», ленты, ткань. Готовые вышитые работы CANDAMAR DESIGNS обладают особой притягательностью и всегда вызывают восхищение. Подобный шедевр можно рассматривать часами и любоваться красивым сюжетом, глянцем нитей, отдавая дань мастерству и кропотливому труду мастера."
НАБОРЫ ДЛЯ ВЫШИВАНИЯ,"51650 СХ Набор для вышивания Счетный крест, ""Затяжные сумерки""40,6х30,5 см",http://mir-priaji.ru/upload/iblock/ba3/ba38fdaa2c3561cb76105904a355bec9.jpg,"Вид вышивки: Вышивка крестом Ширина: 40,6 Высота: 30,5 Производитель: Candamar Техника: Счетный крест Тип канвы: Aida 16 Цвет канвы: слоновая кость В набор входит: канва 100% хлопок, нити для вышивания, игла, схема, инструкция на русском языке. Полнота зашивки: Полная"
НАБОРЫ ДЛЯ ВЫШИВАНИЯ,"52402 ЕСХ Набор для вышивания. Замок Скотни Счетный крест,  40,6х30,5см",http://mir-priaji.ru/upload/iblock/bce/bce6520f4009c3664d50d09d8889f005.jpg,"Набор для вышивания.Счетный крест, Панно 40,6х30,5см Канва Аида 16 кремовая. инструкция на русском языке."
НАБОРЫ ДЛЯ ВЫШИВАНИЯ,"52405 ЕСХ Набор для вышивания. Старый заводик в октябре.Счетный крест, Панно 40,6х30,5см",http://mir-priaji.ru/upload/iblock/b98/b98a72d20e9b69dc8a2bcfc4cbead1d0.jpg,"Вид вышивки: Вышивка крестом Ширина: 41 Высота: 31 Производитель: Candamar Техника: Счетный крест Тип канвы: Aida 14 Цвет канвы: слоновая кость В набор входит: канва 100% хлопок, нити для вышивания, игла, схема, инструкция на русском языке. Полнота зашивки: Полная"
НАБОРЫ ДЛЯ ВЫШИВАНИЯ,"52418 ЕСХ Набор для вышивания. На краю света. Счетный крест, 30,5х40,6 см",http://mir-priaji.ru/upload/iblock/5e4/5e4c591d8c1fccd1a85c9f522fd6fa6d.jpg,"Вид вышивки: Вышивка крестом Ширина: 31 Высота: 41 Производитель: Candamar Техника: Счетный крест Тип канвы: Aida 16 Цвет канвы: светло-серый В набор входит: канва 100% хлопок, нити для вышивания, игла, схема, инструкция на русском языке.. Полнота зашивки: Полная"
НАБОРЫ ДЛЯ ВЫШИВАНИЯ,"52420 ЕСХ Набор для вышивания.  Счетный крест, ""Окно в прошлое""40.6x30.5 см",http://mir-priaji.ru/upload/iblock/b58/b58de72b182752e5c44d7c76f6cfe9f1.jpg,"Производитель: Candamar Страна: США Артикул: 52420 Размер вышивки: 40.6x30.5 см Канва: Aida 16 Цвет канвы: Белый Нитки: хлопок Набор содержит: мулине, канва, игла, схема,инструкция на русском языке. Техника вышивки: Счетный крест"
НАБОРЫ ДЛЯ ВЫШИВАНИЯ,"52423 CX Набор для вышивания ""Посещение""Счетный крест.30,5х40,6 см",http://mir-priaji.ru/upload/iblock/1e0/1e025bb3b513ce4072ff7a7e9b10d66b.jpg," Набор для вышивания ""Посещение""Счетный крест.30,5х40,6 см Канва Аида №16 кремовая. инструкция на русском языке."
НАБОРЫ ДЛЯ ВЫШИВАНИЯ,"51319 ЕСХ Набор для вышивания. Дух земли.Частичная вышивка30,5х40,6 см",http://mir-priaji.ru/upload/iblock/068/068fe52e6cab8b7b7eb52c7815a03685.jpeg,"Канва №14 с нанесенным рисунком. Набор для вышивания. Дух земли.Частичная вышивка30,5х40,6 см Инструкция на русском языке."
НАБОРЫ ДЛЯ ВЫШИВАНИЯ,"51434 ЕСХ Набор для вышивания. Вечернее зарево.Частичная вышивка.25,4х20,3 см",http://mir-priaji.ru/upload/iblock/823/82339c2e554de0a8ff49a8e216871731.jpg,"Вид вышивки: Вышивка крестом Ширина: 25 Высота: 20 Производитель: Candamar Техника: Счетный крест Тип канвы: лён 28 ct Цвет канвы: нанесённый рисунок В набор входит: канва 100% хлопок, нити для вышивания, игла, схема, Инструкция на русском языке. Полнота зашивки: Полная"
